"factor","Type","RMSE"
10,"Train.RMSE",4.77112013388277
10,"Test.RMSE",4.7893096552641
50,"Train.RMSE",7.94264878240156
50,"Test.RMSE",7.94213833314457
100,"Train.RMSE",10.6668955260932
100,"Test.RMSE",10.6712374973048
